amfi_code,tracking_diff
100033,0.2297551098545287
120505,0.23312357538323952
120843,0.20514776699717419
148567,0.19399579209820506
148569,0.21938892755969006
